{
  "metadata": {
    "timestamp": "2026-02-11T03:05:04.337459+00:00",
    "python_version": "3.14.3",
    "platform": "Darwin 25.2.0 arm64",
    "commit_hash": "da05fb7",
    "confidence_intervals": {
      "method": "t-distribution",
      "level": 0.95,
      "description": "Each metric includes ci95_lower and ci95_upper bounds computed via the Student's t-distribution with n-1 degrees of freedom. Use _aggregate_multi_run_stats() across independent runs for cross-run reproducibility CIs."
    }
  },
  "performance": {
    "secret_scan_by_size": {
      "100_chars": {
        "mean": 0.008621605302323587,
        "p50": 0.0077500008046627045,
        "p95": 0.008625000191386789,
        "p99": 0.011614161194302142,
        "ci95_lower": 0.0073925733290100895,
        "ci95_upper": 0.009850637275637085,
        "stdev": 0.00881415815331586,
        "n": 200
      },
      "500_chars": {
        "mean": 0.03093519033427583,
        "p50": 0.03195799945387989,
        "p95": 0.03245595326006878,
        "p99": 0.03573499576305039,
        "ci95_lower": 0.030685992456371446,
        "ci95_upper": 0.031184388212180215,
        "stdev": 0.0017871540814338618,
        "n": 200
      },
      "1000_chars": {
        "mean": 0.05942619001871208,
        "p50": 0.060708502132911235,
        "p95": 0.0638750057987636,
        "p99": 0.06674916898191441,
        "ci95_lower": 0.058969807991044794,
        "ci95_upper": 0.05988257204637936,
        "stdev": 0.0032730014007245865,
        "n": 200
      },
      "5000_chars": {
        "mean": 0.2871097799652489,
        "p50": 0.2823750000970904,
        "p95": 0.33123124740086496,
        "p99": 0.34042425562802237,
        "ci95_lower": 0.28357910842569045,
        "ci95_upper": 0.29064045150480733,
        "stdev": 0.025320657243097986,
        "n": 200
      },
      "10000_chars": {
        "mean": 0.5819288901693653,
        "p50": 0.5784585009678267,
        "p95": 0.6493993478215998,
        "p99": 0.6825346687401179,
        "ci95_lower": 0.5769484885539458,
        "ci95_upper": 0.5869092917847849,
        "stdev": 0.03571757973634117,
        "n": 200
      }
    },
    "secret_redaction_e2e": {
      "mean": 0.17809574008424534,
      "p50": 0.16952099758782424,
      "p95": 0.2148749990737997,
      "p99": 0.26972892221238,
      "ci95_lower": 0.17402869465854107,
      "ci95_upper": 0.1821627855099496,
      "stdev": 0.029167330368331537,
      "n": 200
    },
    "audit_write": {
      "mean": 0.5450109599623829,
      "p50": 0.5063959979452193,
      "p95": 0.7059892966935877,
      "p99": 1.2633419999474427,
      "ci95_lower": 0.5242569543493758,
      "ci95_upper": 0.56576496557539,
      "stdev": 0.2362023369170782,
      "n": 500,
      "throughput_ops_sec": 1834.8254869388695
    },
    "audit_throughput": {
      "events": 1000,
      "elapsed_s": 0.5044205840022187,
      "throughput_ops_sec": 1982.472626445398
    },
    "risk_classification": {
      "LOW": {
        "mean": 0.00020873903849860653,
        "p50": 0.0002079978003166616,
        "p95": 0.0002090018824674189,
        "p99": 0.0002500019036233425,
        "ci95_lower": 0.00017404776086808353,
        "ci95_upper": 0.00024343031612912954,
        "stdev": 0.0005590436446791335,
        "n": 1000,
        "classified_as": "low"
      },
      "MEDIUM": {
        "mean": 0.0001445660091121681,
        "p50": 0.00012500095181167126,
        "p95": 0.00016700505511835217,
        "p99": 0.00016700505511835217,
        "ci95_lower": 0.00014303172839330152,
        "ci95_upper": 0.0001461002898310347,
        "stdev": 2.472465540679365e-05,
        "n": 1000,
        "classified_as": "medium"
      },
      "HIGH": {
        "mean": 0.00010576488421065733,
        "p50": 0.00012499367585405707,
        "p95": 0.00012500095181167126,
        "p99": 0.00012500095181167126,
        "ci95_lower": 0.00010434271388289195,
        "ci95_upper": 0.0001071870545384227,
        "stdev": 2.2918016795349877e-05,
        "n": 1000,
        "classified_as": "high"
      },
      "CRITICAL_regex": {
        "mean": 0.0008055579601204954,
        "p50": 0.0007080016075633466,
        "p95": 0.0007500057108700275,
        "p99": 0.0009169862460112199,
        "ci95_lower": 0.0006213405342276955,
        "ci95_upper": 0.0009897753860132954,
        "stdev": 0.0029686303941111546,
        "n": 1000,
        "classified_as": "critical"
      },
      "HIGH_no_match": {
        "mean": 0.0009033320311573334,
        "p50": 0.0008749993867240846,
        "p95": 0.0010000003385357559,
        "p99": 0.0010000003385357559,
        "ci95_lower": 0.0008983226938015139,
        "ci95_upper": 0.0009083413685131529,
        "stdev": 8.072456260189001e-05,
        "n": 1000,
        "classified_as": "high"
      }
    },
    "network_domain_matching": {
      "allowed_exact": {
        "mean": 0.00018936556080006994,
        "p50": 0.000166997779160738,
        "p95": 0.00020899460650980473,
        "p99": 0.0002500019036233425,
        "ci95_lower": 0.0001729097943454337,
        "ci95_upper": 0.00020582132725470618,
        "stdev": 0.0003752511105055538,
        "n": 2000
      },
      "allowed_wildcard": {
        "mean": 0.0003324610188428778,
        "p50": 0.00033299875212833285,
        "p95": 0.00037500285543501377,
        "p99": 0.0004169996827840805,
        "ci95_lower": 0.00032372450880459064,
        "ci95_upper": 0.000341197528881165,
        "stdev": 0.0001992240897953762,
        "n": 2000
      },
      "allowed_wildcard2": {
        "mean": 0.00028690854378510267,
        "p50": 0.0002910019247792661,
        "p95": 0.00033299875212833285,
        "p99": 0.0003749955794773996,
        "ci95_lower": 0.0002857429081320245,
        "ci95_upper": 0.0002880741794381808,
        "stdev": 2.6580717128445548e-05,
        "n": 2000
      },
      "blocked": {
        "mean": 0.0008024750386539381,
        "p50": 0.0007500057108700275,
        "p95": 0.000957996235229075,
        "p99": 0.0010829971870407462,
        "ci95_lower": 0.0007984865604239858,
        "ci95_upper": 0.0008064635168838904,
        "stdev": 9.095175780129924e-05,
        "n": 2000
      },
      "blocked2": {
        "mean": 0.0008028134834603406,
        "p50": 0.0007920025382190943,
        "p95": 0.0009170034900307655,
        "p99": 0.0010420044418424368,
        "ci95_lower": 0.0007994638013999572,
        "ci95_upper": 0.0008061631655207241,
        "stdev": 7.638489015170058e-05,
        "n": 2000
      }
    },
    "network_ip_cidr_matching": {
      "allowed_exact": {
        "mean": 0.0017236090461665299,
        "p50": 0.0015840050764381886,
        "p95": 0.0018749997252598405,
        "p99": 0.002208985388278961,
        "ci95_lower": 0.0016218619507737792,
        "ci95_upper": 0.0018253561415592806,
        "stdev": 0.0023202025042162134,
        "n": 2000
      },
      "allowed_cidr_10": {
        "mean": 0.005476931983139366,
        "p50": 0.0055829950724728405,
        "p95": 0.005916997906751931,
        "p99": 0.007124996045604348,
        "ci95_lower": 0.005446923232549896,
        "ci95_upper": 0.005506940733728836,
        "stdev": 0.0006843082644995955,
        "n": 2000
      },
      "allowed_cidr_172": {
        "mean": 0.007229930579342181,
        "p50": 0.007145499694161117,
        "p95": 0.00916700082598254,
        "p99": 0.009374588626087643,
        "ci95_lower": 0.007191573349637284,
        "ci95_upper": 0.007268287809047078,
        "stdev": 0.0008746838430381172,
        "n": 2000
      },
      "allowed_cidr_192": {
        "mean": 0.008744294544158038,
        "p50": 0.00875000114319846,
        "p95": 0.0106250008684583,
        "p99": 0.011125004675704986,
        "ci95_lower": 0.008705654006526453,
        "ci95_upper": 0.008782935081789622,
        "stdev": 0.0008811442904683853,
        "n": 2000
      },
      "blocked_ip": {
        "mean": 0.008491847478580894,
        "p50": 0.008582996088080108,